year,estimate,ci_lower,ci_upper,series
2001,0.7620614043916806,0.5913371821841169,0.9148485826232823,US: Liberal Integration
2001.1206030150754,0.7176405404061269,0.5619891900753771,0.8404973004072728,US: Liberal Integration
2001.2412060301508,0.6774910574959336,0.5356361709620687,0.7777711224564232,US: Liberal Integration
2001.3618090452262,0.6414472680501347,0.5126133129416695,0.73848310972837,US: Liberal Integration
2001.4824120603016,0.6093434844577635,0.49277478501326544,0.7016326725575565,US: Liberal Integration
2001.6030150753768,0.5810140191079038,0.4759747561759714,0.6658408872730781,US: Liberal Integration
2001.7236180904522,0.5562931843894819,0.4620673954288104,0.6421177739773514,US: Liberal Integration
2001.8442211055276,0.535015292691589,0.45241971202616316,0.6214758729702492,US: Liberal Integration
2001.964824120603,0.517014656403258,0.44354479754088905,0.604839612596616,US: Liberal Integration
2002.0854271356784,0.5021255879135229,0.422590090504656,0.5945080361961116,US: Liberal Integration
2002.2060301507538,0.49018239961141696,0.3982111084927574,0.5864544632171622,US: Liberal Integration
2002.3266331658292,0.48101940388597375,0.3784929462461752,0.5805389604166227,US: Liberal Integration
2002.4472361809046,0.47447091312622697,0.36318441193759865,0.5766215945513482,US: Liberal Integration
2002.5678391959798,0.4703712397212155,0.35203431373973465,0.5745624323781965,US: Liberal Integration
2002.6884422110552,0.46855469605995753,0.3447914598252312,0.574221540654015,US: Liberal Integration
2002.8090452261306,0.46885559453149706,0.34120465836680264,0.5754589861356645,US: Liberal Integration
2002.929648241206,0.471108247524867,0.34102271753713853,0.57813483558,US: Liberal Integration
2003.0502512562814,0.47514696742910123,0.34399444550892827,0.5821091557438769,US: Liberal Integration
2003.1708542713568,0.4808060666332332,0.3498686504548616,0.5872420133841506,US: Liberal Integration
2003.2914572864322,0.48791985752629663,0.35839414054762786,0.5933934752576759,US: Liberal Integration
2003.4120603015076,0.4963226524973248,0.36931972395991675,0.600423608121308,US: Liberal Integration
2003.532663316583,0.5058487639353513,0.38239420886441755,0.6081924787319023,US: Liberal Integration
2003.6532663316582,0.5163325042293894,0.39371293450785594,0.6165601538462977,US: Liberal Integration
2003.7738693467336,0.5276081857685118,0.40335565638800724,0.6256658894584186,US: Liberal Integration
2003.894472361809,0.5395101209417335,0.4143173162481772,0.6389079119966776,US: Liberal Integration
2004.0150753768844,0.5518726221380882,0.426404739083186,0.6524261438649007,US: Liberal Integration
2004.1356783919598,0.5645300017466091,0.4394247498878541,0.6660362405993059,US: Liberal Integration
2004.2562814070352,0.5773165721563298,0.45318417365700236,0.6795538577361109,US: Liberal Integration
2004.3768844221106,0.5900666457562839,0.46748983538545086,0.692794650811534,US: Liberal Integration
2004.497487437186,0.6026145349355049,0.48214856006802004,0.7055742753617927,US: Liberal Integration
2004.6180904522614,0.6147945520830262,0.4969671726995307,0.7177083869231053,US: Liberal Integration
2004.7386934673366,0.6264410095878602,0.5117524982747754,0.7290126410316691,US: Liberal Integration
2004.859296482412,0.6373882198390846,0.5263113617886307,0.7393026932237448,US: Liberal Integration
2004.9798994974874,0.6474704952257102,0.5407414350372088,0.7483941990355283,US: Liberal Integration
2005.1005025125628,0.6565221481367707,0.5554840290786588,0.7561028140032375,US: Liberal Integration
2005.2211055276382,0.6643774909612994,0.5693961840832027,0.7622441936630902,US: Liberal Integration
2005.3417085427136,0.67087083608833,0.5809112601009055,0.7666339935513046,US: Liberal Integration
2005.462311557789,0.6758364959068962,0.5887700924205773,0.7690878692040983,US: Liberal Integration
2005.5829145728644,0.6791087828060313,0.5954136359394092,0.7694214761576894,US: Liberal Integration
2005.7035175879396,0.6805220091747681,0.6006810780901228,0.7679958410622376,US: Liberal Integration
2005.824120603015,0.6799104874021457,0.6044116063054679,0.7666689535175536,US: Liberal Integration
2005.9447236180904,0.6771085298771932,0.606444408018163,0.7609352746464398,US: Liberal Integration
2006.0653266331658,0.6719608296729112,0.6066268832434094,0.7536227226926493,US: Liberal Integration
2006.1859296482412,0.6645098892998453,0.6049629271102686,0.7462587190382863,US: Liberal Integration
2006.3065326633166,0.6549756373330169,0.5990435798183094,0.735559720351372,US: Liberal Integration
2006.427135678392,0.6435842912370056,0.5902402678536237,0.7216183608430726,US: Liberal Integration
2006.5477386934674,0.6305620684763906,0.5800743094892056,0.704534491625781,US: Liberal Integration
2006.6683417085428,0.6161351865157523,0.5679259470046126,0.6851528155536013,US: Liberal Integration
2006.788944723618,0.6005298628197003,0.5525289816622142,0.6638345560692281,US: Liberal Integration
2006.9095477386934,0.5839723148527552,0.5365653942079953,0.6409409366152332,US: Liberal Integration
2007.0301507537688,0.5666887600795254,0.5200953909953466,0.617802330264097,US: Liberal Integration
2007.1507537688442,0.5489054159645902,0.5020220769944193,0.6024132381116014,US: Liberal Integration
2007.2713567839196,0.5308484999725293,0.47910776992994886,0.5854843521548888,US: Liberal Integration
2007.391959798995,0.5127442295679226,0.4579216675847775,0.5666966551091763,US: Liberal Integration
2007.5125628140704,0.4948188222153496,0.4373244806035036,0.547823514583943,US: Liberal Integration
2007.6331658291458,0.47729849537939034,0.4175948181663623,0.536387389252214,US: Liberal Integration
2007.7537688442212,0.4604094665246241,0.3990112894535881,0.5250736859955474,US: Liberal Integration
2007.8743718592964,0.4443779531156599,0.38185250364544665,0.5138751033615787,US: Liberal Integration
2007.9949748743718,0.4294301726170172,0.36639706992210774,0.502928449916375,US: Liberal Integration
2008.1155778894472,0.4157514934155692,0.3518551410832392,0.49234946907348187,US: Liberal Integration
2008.2361809045226,0.40334210835097667,0.3375740228991523,0.4821584124661308,US: Liberal Integration
2008.356783919598,0.3921497648414045,0.3250225698735495,0.4723484865439808,US: Liberal Integration
2008.4773869346734,0.3821222069476519,0.31411955446967776,0.46291289602535546,US: Liberal Integration
2008.5979899497488,0.3732071787305174,0.304783749150784,0.45384484562857874,US: Liberal Integration
2008.7185929648242,0.3653524242508,0.29693392638011545,0.44513754007197437,US: Liberal Integration
2008.8391959798994,0.35850568756931017,0.29048885862092977,0.4367841840738815,US: Liberal Integration
2008.9597989949748,0.3526147127468216,0.28536731833644974,0.42877798235259246,US: Liberal Integration
2009.0804020100502,0.34762724384414656,0.281488077989936,0.42111213962644706,US: Liberal Integration
2009.2010050251256,0.3434910249220839,0.2803092460052354,0.41377986061376937,US: Liberal Integration
2009.321608040201,0.3401538000414325,0.28031589770939197,0.40677435003288265,US: Liberal Integration
2009.4422110552764,0.3375633132629913,0.2799137237648532,0.40008881260211127,US: Liberal Integration
2009.5628140703518,0.33566730864755906,0.27824961910383883,0.3937164530397787,US: Liberal Integration
2009.6834170854272,0.33441353025593445,0.27747152032319355,0.38946671930009963,US: Liberal Integration
2009.8040201005026,0.33374972214891635,0.27750254754570824,0.3873119321502645,US: Liberal Integration
2009.9246231155778,0.3336236283873037,0.2782658208941715,0.386322794402045,US: Liberal Integration
2010.0452261306532,0.33398299303189455,0.2796844604913774,0.3879942716162177,US: Liberal Integration
2010.1658291457286,0.3347755601434886,0.2816815864601156,0.3925098314756486,US: Liberal Integration
2010.286432160804,0.33594907378288463,0.2826921554172663,0.397169680891283,US: Liberal Integration
2010.4070351758794,0.33745127801088143,0.28055278350558654,0.4018799078158224,US: Liberal Integration
2010.5276381909548,0.3392299168882781,0.27891155780100746,0.40654660020196887,US: Liberal Integration
2010.6482412060302,0.34123273447587316,0.27775167191347966,0.41107584600242375,US: Liberal Integration
2010.7688442211056,0.34340747483446554,0.27705631945295367,0.415373733169889,US: Liberal Integration
2010.889447236181,0.34570188202485413,0.2768826058298048,0.4193463496570663,US: Liberal Integration
2011.0100502512562,0.3480637042137277,0.2785050737989747,0.42289979447197207,US: Liberal Integration
2011.1306532663316,0.35044969379472535,0.2805278922177383,0.42596441094181525,US: Liberal Integration
2011.251256281407,0.3528446997984651,0.28292321907660917,0.42854619395607185,US: Liberal Integration
2011.3718592964824,0.3552390362013297,0.28566271401465576,0.43066585303660887,US: Liberal Integration
2011.4924623115578,0.3576230169797022,0.2887180366709461,0.4323440977052936,US: Liberal Integration
2011.6130653266332,0.35998695610996523,0.29129153579002226,0.4336016374839935,US: Liberal Integration
2011.7336683417086,0.36232116756850197,0.2896132472991942,0.4344591818945756,US: Liberal Integration
2011.854271356784,0.3646159653316951,0.2882089323569208,0.43493744045890737,US: Liberal Integration
2011.9748743718592,0.36686166337592346,0.2870734005930153,0.43520282615972516,US: Liberal Integration
2012.0954773869346,0.3690485756775782,0.28620146163728516,0.43698965782201493,US: Liberal Integration
2012.21608040201,0.3711670162130381,0.28558792511954434,0.4387331095217401,US: Liberal Integration
2012.3366834170854,0.37320729895868565,0.2852276006696043,0.44201804102381115,US: Liberal Integration
2012.4572864321608,0.3751597378909043,0.28511529791727674,0.4470312318578049,US: Liberal Integration
2012.5778894472362,0.3770146469860764,0.2852458264923732,0.45241188575192964,US: Liberal Integration
2012.6984924623116,0.37876234022058514,0.2856139960247053,0.45751121327964006,US: Liberal Integration
2012.819095477387,0.3803931315708132,0.2862146161440844,0.4622970480210373,US: Liberal Integration
2012.9396984924624,0.38189733501314344,0.2870424964803224,0.46673722355622266,US: Liberal Integration
2013.0603015075376,0.38326526452395643,0.2880924466632283,0.4707995734652901,US: Liberal Integration
2013.180904522613,0.3844872340796403,0.28935927632261793,0.47445193132835634,US: Liberal Integration
2013.3015075376884,0.385553557656575,0.29083779508830115,0.4776621307255146,US: Liberal Integration
2013.4221105527638,0.3864545492311432,0.2925228125900892,0.4803248674701379,US: Liberal Integration
2013.5427135678392,0.3871805227797285,0.29440913845779393,0.4822100424416038,US: Liberal Integration
2013.6633165829146,0.38772179227871284,0.29689529648987467,0.48452445767020935,US: Liberal Integration
2013.78391959799,0.38806867170447973,0.2995451553864213,0.4870340072926451,US: Liberal Integration
2013.9045226130654,0.38821147503341175,0.3023441124803236,0.48896594087437856,US: Liberal Integration
2014.0251256281408,0.38814051624189205,0.30528344682744435,0.4900789899011316,US: Liberal Integration
2014.145728643216,0.3878461093063038,0.30835443748364033,0.49055160251011776,US: Liberal Integration
2014.2663316582914,0.3873185682030292,0.31076814776183326,0.49034657292823214,US: Liberal Integration
2014.3869346733668,0.38654820690845126,0.31170415790521316,0.4894266953823677,US: Liberal Integration
2014.5075376884422,0.385525339398953,0.3129160171114309,0.4877547640994177,US: Liberal Integration
2014.6281407035176,0.38424027965091717,0.3130893866106952,0.48529357330627626,US: Liberal Integration
2014.748743718593,0.38268334164072676,0.30989472613567126,0.4820059172298369,US: Liberal Integration
2014.8693467336684,0.3808448393447644,0.306614390814519,0.4778545900969937,US: Liberal Integration
2014.9899497487438,0.378715086739413,0.30341474472783486,0.4728023861346401,US: Liberal Integration
2015.110552763819,0.37629031937361257,0.30039766954710156,0.46682937196740415,US: Liberal Integration
2015.2311557788944,0.37359721706448945,0.2976449360911664,0.46000441588600227,US: Liberal Integration
2015.3517587939698,0.37067221620965385,0.29510364405274964,0.45242484475984956,US: Liberal Integration
2015.4723618090452,0.36755175765567727,0.29277781030013555,0.44418799843535894,US: Liberal Integration
2015.5929648241206,0.3642722822491312,0.2906714517016089,0.4353912167589431,US: Liberal Integration
2015.713567839196,0.3608702308365872,0.2887885851254543,0.42613183957701484,US: Liberal Integration
2015.8341708542714,0.3573820442646165,0.2871332274399563,0.4183218963874628,US: Liberal Integration
2015.9547738693468,0.35384416337979047,0.28434712855085703,0.41208170739563055,US: Liberal Integration
2016.0753768844222,0.3502930290286807,0.2802669001027113,0.4058225685603821,US: Liberal Integration
2016.1959798994974,0.34676508205786505,0.2763037099067703,0.39942579039308057,US: Liberal Integration
2016.3165829145728,0.3432967633139017,0.2725040871152563,0.39293401782674886,US: Liberal Integration
2016.4371859296482,0.3399245136433687,0.26891456088041465,0.38779970477373354,US: Liberal Integration
2016.5577889447236,0.33668477389283746,0.2655816603544827,0.38549264360626734,US: Liberal Integration
2016.678391959799,0.3336139849088792,0.2625519146896982,0.3844256313713937,US: Liberal Integration
2016.7989949748744,0.33074858753806574,0.2598718530382985,0.38322802990836224,US: Liberal Integration
2016.9195979899498,0.32812502262696824,0.2566357788326429,0.38699451349125025,US: Liberal Integration
2017.0402010050252,0.3257797310221581,0.2524565216563496,0.39124033392154,US: Liberal Integration
2017.1608040201006,0.32374915357020684,0.24899763683753262,0.39531372750548566,US: Liberal Integration
2017.2814070351758,0.3220697311176888,0.2463401039735986,0.39918380874999027,US: Liberal Integration
2017.4020100502512,0.32077790451116855,0.2445649026619391,0.4028196921619776,US: Liberal Integration
2017.5226130653266,0.3199101145972215,0.243753012499962,0.40619049224835097,US: Liberal Integration
2017.643216080402,0.31950280222241884,0.2439854130850691,0.4092653235160195,US: Liberal Integration
2017.7638190954774,0.319592408233332,0.2453430840146626,0.4120133004718939,US: Liberal Integration
2017.8844221105528,0.32021537347653256,0.24790700488614445,0.4144035376228833,US: Liberal Integration
2018.0050251256282,0.3214081370340653,0.2517581518889056,0.4164051494371782,US: Liberal Integration
2018.1256281407036,0.32317957431982314,0.25647124908715,0.41798664554272463,US: Liberal Integration
2018.2462311557788,0.32544123828966254,0.26105592191171584,0.41854197404025684,US: Liberal Integration
2018.3668341708542,0.32808321290576514,0.2669009463994927,0.41809645472726525,US: Liberal Integration
2018.4874371859296,0.33099558213029995,0.2749310402903598,0.41709269669700255,US: Liberal Integration
2018.608040201005,0.3340684299254398,0.28089663775712276,0.4155156884529914,US: Liberal Integration
2018.7286432160804,0.33719184025335736,0.2866761947705185,0.413350418498754,US: Liberal Integration
2018.8492462311558,0.34025589707622567,0.29220944113954345,0.41058187533781315,US: Liberal Integration
2018.9698492462312,0.34315068435621754,0.29224933079281945,0.4071950474736911,US: Liberal Integration
2019.0904522613066,0.34576628605550574,0.2927320605673821,0.40317492340991057,US: Liberal Integration
2019.211055276382,0.34799278613626333,0.29425161471164574,0.4086152831107651,US: Liberal Integration
2019.3316582914572,0.34972026856066024,0.29521518834082444,0.4143155164375676,US: Liberal Integration
2019.4522613065326,0.350838817290876,0.2901591809066639,0.418887789771785,US: Liberal Integration
2019.572864321608,0.3512385162890797,0.2850752638782264,0.41959999570395773,US: Liberal Integration
2019.6934673366834,0.3508094495174442,0.2799787764790037,0.4203151634381912,US: Liberal Integration
2019.8140703517588,0.3494417009381424,0.2753646651248803,0.4230268630590466,US: Liberal Integration
2019.9346733668342,0.3470253545133474,0.2713120398700549,0.42371650414146445,US: Liberal Integration
2020.0552763819096,0.3434537462718987,0.2673318802921201,0.4233441289631349,US: Liberal Integration
2020.175879396985,0.33871196157052574,0.2634196289509145,0.42275792648991684,US: Liberal Integration
2020.2964824120604,0.33288737560143594,0.2595545293123318,0.419937710435598,US: Liberal Integration
2020.4170854271356,0.3260727315436791,0.25571497474292093,0.4150493879565566,US: Liberal Integration
2020.537688442211,0.3183607725762647,0.24833865044833192,0.40825886620914,US: Liberal Integration
2020.6582914572864,0.30984424187824056,0.23971212897424735,0.3997320523497221,US: Liberal Integration
2020.7788944723618,0.30061588262864225,0.23089334962443178,0.3896348535346694,US: Liberal Integration
2020.8994974874372,0.29076843800650515,0.22193467506206588,0.3777950092550719,US: Liberal Integration
2021.0201005025126,0.2803946511908652,0.2128884679503306,0.36408641600041775,US: Liberal Integration
2021.140703517588,0.269587265360758,0.20380709095240648,0.3493396611019327,US: Liberal Integration
2021.2613065326634,0.25843902369521915,0.19474290673147454,0.33373738146452686,US: Liberal Integration
2021.3819095477386,0.2470426693733059,0.18574827795073234,0.31746221399314184,US: Liberal Integration
2021.502512562814,0.23549094557401098,0.17687556727332687,0.3006967955926264,US: Liberal Integration
2021.6231155778894,0.22387659547639102,0.16854995112002746,0.28986226792368747,US: Liberal Integration
2021.7437185929648,0.21229236225948192,0.1608239267192834,0.2788258422019835,US: Liberal Integration
2021.8643216080402,0.20083098910231914,0.1514026247835578,0.2674330696616264,US: Liberal Integration
2021.9849246231156,0.18958521918393834,0.14054075043615027,0.2543636946437997,US: Liberal Integration
2022.105527638191,0.17864779568337533,0.13044323135085695,0.24097665241378521,US: Liberal Integration
2022.2261306532664,0.1681114617796656,0.12144688393987427,0.22829161631102168,US: Liberal Integration
2022.3467336683418,0.15806896065184467,0.11254201394195917,0.21842949931369549,US: Liberal Integration
2022.467336683417,0.14861303547896582,0.10414592805603316,0.20973238397963437,US: Liberal Integration
2022.5879396984924,0.13983642944002847,0.09623522839169184,0.20045184361665175,US: Liberal Integration
2022.7085427135678,0.13183188571408688,0.08963104453336504,0.19056530567237762,US: Liberal Integration
2022.8291457286432,0.12469214748017672,0.08445413076282678,0.18005019759442578,US: Liberal Integration
2022.9497487437186,0.11850995791733336,0.08023026133669536,0.1688839468304098,US: Liberal Integration
2023.070351758794,0.11337059569444176,0.07577745168370933,0.15705181736462598,US: Liberal Integration
2023.1909547738694,0.10923992908039099,0.07298918823002937,0.1498808591785832,US: Liberal Integration
2023.3115577889448,0.10598778878344013,0.06932346012255428,0.14728971115707273,US: Liberal Integration
2023.43216080402,0.10348128520931878,0.06366714306964456,0.15088031757832654,US: Liberal Integration
2023.5527638190954,0.10158752876374338,0.053601454253587484,0.16030047129865904,US: Liberal Integration
2023.6733668341708,0.10017362985244505,0.04553065947747498,0.1694899471511095,US: Liberal Integration
2023.7939698492462,0.09910669888114935,0.03880847131565349,0.17785628545236862,US: Liberal Integration
2023.9145728643216,0.09825384625558219,0.03366832287162387,0.18480702651912756,US: Liberal Integration
2024.035175879397,0.09748218238146894,0.030343647248885823,0.18974971066807633,US: Liberal Integration
2024.1557788944724,0.09665881766453557,0.029067877550940185,0.19209187821590626,US: Liberal Integration
2024.2763819095478,0.09565086251050747,0.027188164397754573,0.19124106947930775,US: Liberal Integration
2024.3969849246232,0.0943254273251106,0.026922464932781415,0.18660482477497164,US: Liberal Integration
2024.5175879396984,0.09254962251407423,0.029962793202817257,0.17881021574256853,US: Liberal Integration
2024.6381909547738,0.09019055848311763,0.030490599473303265,0.17433278167538943,US: Liberal Integration
2024.7587939698492,0.08711534563796945,0.029395251036639702,0.1641398366549655,US: Liberal Integration
2024.8793969849246,0.08319109438435517,0.022072985044963783,0.16168282202145134,US: Liberal Integration
2025,0.07828491512800075,0.009182285180894301,0.16080210459470407,US: Liberal Integration
2001,0.042850387162566415,-0.017996217849648034,0.1338529900050127,US: Bilateral Management
2001.1206030150754,0.07895879370158465,0.018990756418255896,0.16724447572255732,US: Bilateral Management
2001.2412060301508,0.11202260386221966,0.05066157565383378,0.19786632177745284,US: Bilateral Management
2001.3618090452262,0.14215503270611196,0.07692247923238725,0.22532209812513845,US: Bilateral Management
2001.4824120603016,0.16946929529490237,0.10077871043618299,0.24974404325632216,US: Bilateral Management
2001.6030150753768,0.19407860669018764,0.12233062466196422,0.28213407999195195,US: Bilateral Management
2001.7236180904522,0.21609618195370095,0.14167857730659358,0.31263109201401795,US: Bilateral Management
2001.8442211055276,0.23563523614703413,0.15664567168504606,0.3358118007413967,US: Bilateral Management
2001.964824120603,0.2528089843318281,0.1687112598020388,0.3545624588800793,US: Bilateral Management
2002.0854271356784,0.26773064156972315,0.17945906362459385,0.3700359083685696,US: Bilateral Management
2002.2060301507538,0.2805134229223601,0.18939482270366337,0.3824066105952193,US: Bilateral Management
2002.3266331658292,0.29127054345137965,0.19823909595811112,0.3979051470444154,US: Bilateral Management
2002.4472361809046,0.3001152182184227,0.20582933037705994,0.41081504587237816,US: Bilateral Management
2002.5678391959798,0.307160662285118,0.21223915865893156,0.4207177133208807,US: Bilateral Management
2002.6884422110552,0.3125200907131325,0.21754221350218284,0.42779205419441596,US: Bilateral Management
2002.8090452261306,0.3163067185640923,0.22181212760523317,0.4322169732974185,US: Bilateral Management
2002.929648241206,0.3186337608996379,0.2251225336665154,0.4341713754343443,US: Bilateral Management
2003.0502512562814,0.31961443278141,0.22754706438446232,0.4338341654096496,US: Bilateral Management
2003.1708542713568,0.3193619492710493,0.22915935245750646,0.4320078631279666,US: Bilateral Management
2003.2914572864322,0.3179895254301964,0.2300330305840808,0.43061712806173846,US: Bilateral Management
2003.4120603015076,0.31561037632049205,0.23024173146261795,0.42753029495657247,US: Bilateral Management
2003.532663316583,0.3123377170035769,0.22985908779155062,0.4228934996674887,US: Bilateral Management
2003.6532663316582,0.30828476254109993,0.229248582607892,0.41685287804951954,US: Bilateral Management
2003.7738693467336,0.3035647279946864,0.22846735401999124,0.4095545659576625,US: Bilateral Management
2003.894472361809,0.2982908284259839,0.2247791851874324,0.39896308597669217,US: Bilateral Management
2004.0150753768844,0.2925762788966331,0.22081374010571708,0.387213172099108,US: Bilateral Management
2004.1356783919598,0.28653429446827483,0.21563200840623759,0.37470469417294644,US: Bilateral Management
2004.2562814070352,0.28027809020254957,0.21067885754660437,0.36755533463237045,US: Bilateral Management
2004.3768844221106,0.27392088116109803,0.2056353086083867,0.35996459589323326,US: Bilateral Management
2004.497487437186,0.26757588240556107,0.20064369538736132,0.3520426851489601,US: Bilateral Management
2004.6180904522614,0.2613563089975791,0.19598850723313868,0.3438998095929761,US: Bilateral Management
2004.7386934673366,0.255375375998804,0.1917393339951044,0.3356461764187222,US: Bilateral Management
2004.859296482412,0.24974629847085364,0.18773558910355093,0.32739199281959225,US: Bilateral Management
2004.9798994974874,0.24458229147538027,0.1842294450203543,0.319247465989027,US: Bilateral Management
2005.1005025125628,0.23999657007402456,0.18132347495042808,0.31386548602706654,US: Bilateral Management
2005.2211055276382,0.23610234932842708,0.17757291676756287,0.3094939867411266,US: Bilateral Management
2005.3417085427136,0.23301284430022864,0.17500145547330515,0.30535056176550246,US: Bilateral Management
2005.462311557789,0.2308412700510699,0.17385024907447805,0.30151263465319506,US: Bilateral Management
2005.5829145728644,0.22970084164259152,0.17249489170757634,0.2977492870147641,US: Bilateral Management
2005.7035175879396,0.2297047741364331,0.1697406305202133,0.2946361844716947,US: Bilateral Management
2005.824120603015,0.23096628259423496,0.17043701150116092,0.2973793829563198,US: Bilateral Management
2005.9447236180904,0.2335985820776391,0.17318133413780967,0.3008490404262707,US: Bilateral Management
2006.0653266331658,0.2377079525662298,0.17812556165085588,0.30462962793838005,US: Bilateral Management
2006.1859296482412,0.2432685223735534,0.18522730084412892,0.30896761539875633,US: Bilateral Management
2006.3065326633166,0.2501358857820706,0.19161972224767448,0.31399351934218334,US: Bilateral Management
2006.427135678392,0.25816143562034244,0.1996385139225047,0.31963999987259106,US: Bilateral Management
2006.5477386934674,0.2671965647169302,0.2090945480737817,0.3258397170939093,US: Bilateral Management
2006.6683417085428,0.2770926659003951,0.21906188919736908,0.3325253311100682,US: Bilateral Management
2006.788944723618,0.28770113199927777,0.22994882498852395,0.3403025723157782,US: Bilateral Management
2006.9095477386934,0.29887335584217967,0.23896600005036456,0.35224161889958217,US: Bilateral Management
2007.0301507537688,0.31046073025764254,0.2453279239028833,0.36466587025892466,US: Bilateral Management
2007.1507537688442,0.3223146480742278,0.25505147752028107,0.37750597058873714,US: Bilateral Management
2007.2713567839196,0.3342865021204964,0.26505131779745916,0.39030539184757135,US: Bilateral Management
2007.391959798995,0.34622768522500963,0.27166247348879285,0.40290622193876524,US: Bilateral Management
2007.5125628140704,0.35798959021632903,0.2784418644892114,0.41515054876565677,US: Bilateral Management
2007.6331658291458,0.36942360992301526,0.28448631382222983,0.4267081181404968,US: Bilateral Management
2007.7537688442212,0.3803811371736298,0.289912403101591,0.43809900074577923,US: Bilateral Management
2007.8743718592964,0.39071356479671526,0.2957365126650934,0.4488867533752332,US: Bilateral Management
2007.9949748743718,0.4002722856208716,0.30193983049432216,0.45838238984883983,US: Bilateral Management
2008.1155778894472,0.4089348197351883,0.3084989684910945,0.4664248438326948,US: Bilateral Management
2008.2361809045226,0.4166971263719919,0.31536979443972196,0.4750385175143245,US: Bilateral Management
2008.356783919598,0.4235887090996829,0.3225023009752143,0.482489818964936,US: Bilateral Management
2008.4773869346734,0.4296390736340503,0.32984648035647546,0.48929467828645556,US: Bilateral Management
2008.5979899497488,0.43487772569088207,0.3363558152963637,0.49484782405689665,US: Bilateral Management
2008.7185929648242,0.43933417098596683,0.34176265288405355,0.4993100652662499,US: Bilateral Management
2008.8391959798994,0.44303791523508684,0.3469094150278835,0.5027216342335965,US: Bilateral Management
2008.9597989949748,0.4460184641540441,0.3517853480256507,0.5051227632780355,US: Bilateral Management
2009.0804020100502,0.44830532345861956,0.35637969817512316,0.5099538523694712,US: Bilateral Management
2009.2010050251256,0.44992799886460133,0.36068171177407865,0.5144425740852692,US: Bilateral Management
2009.321608040201,0.45091599608777827,0.36468063512029525,0.5182400458406352,US: Bilateral Management
2009.4422110552764,0.45129882084393835,0.3683657145115506,0.5213471024064946,US: Bilateral Management
2009.5628140703518,0.45110597884887,0.3717261962456228,0.5237645785537739,US: Bilateral Management
2009.6834170854272,0.45036697581836177,0.37475132662028976,0.5254933090533991,US: Bilateral Management
2009.8040201005026,0.44911131746820215,0.3774303519333292,0.5265341286762961,US: Bilateral Management
2009.9246231155778,0.4473685095141829,0.3797525184825149,0.5268878721933906,US: Bilateral Management
2010.0452261306532,0.445168057672086,0.38170707256563374,0.5265553743756102,US: Bilateral Management
2010.1658291457286,0.4425394676577028,0.38432282512491456,0.5255374699938794,US: Bilateral Management
2010.286432160804,0.4395122451868215,0.38732032086717105,0.5238349938191245,US: Bilateral Management
2010.4070351758794,0.43611589597523076,0.3886679588838149,0.5214487806222711,US: Bilateral Management
2010.5276381909548,0.4323799257387186,0.3824110469871761,0.5183796651742454,US: Bilateral Management
2010.6482412060302,0.4283338401930736,0.3760034623092832,0.5162910836493226,US: Bilateral Management
2010.7688442211056,0.4240071450540842,0.36949801035646496,0.5146766480988638,US: Bilateral Management
2010.889447236181,0.41942934603753884,0.36294749663504966,0.5122894011071253,US: Bilateral Management
2011.0100502512562,0.41462994805986036,0.3564047227626771,0.509106156133136,US: Bilateral Management
2011.1306532663316,0.4096367030089869,0.3494445507006646,0.5051201036955895,US: Bilateral Management
2011.251256281407,0.4044718926526217,0.3420812710769062,0.5003755370124284,US: Bilateral Management
2011.3718592964824,0.3991567347908901,0.33504572647844405,0.4944251772672761,US: Bilateral Management
2011.4924623115578,0.39371244722391824,0.32837219119154515,0.4873954985692274,US: Bilateral Management
2011.6130653266332,0.388160247751832,0.32201322572654745,0.4797763098209943,US: Bilateral Management
2011.7336683417086,0.3825213541747568,0.31471272550705165,0.4716253618825237,US: Bilateral Management
2011.854271356784,0.37681698429281885,0.3075072863097277,0.46300040561376243,US: Bilateral Management
2011.9748743718592,0.3710683559061549,0.3006041135110029,0.45395919187467493,US: Bilateral Management
2012.0954773869346,0.3652966868148689,0.29401252531009753,0.4445594715251738,US: Bilateral Management
2012.21608040201,0.3595231948190976,0.2877418399062712,0.43776611264460114,US: Bilateral Management
2012.3366834170854,0.35376909771896675,0.2818013754987706,0.4333851979854069,US: Bilateral Management
2012.4572864321608,0.3480556133146021,0.27569742599498764,0.4286766784639917,US: Bilateral Management
2012.5778894472362,0.34240395940612983,0.2690349876544067,0.42367681401224455,US: Bilateral Management
2012.6984924623116,0.33683535379367535,0.2626060892050137,0.41842186456205377,US: Bilateral Management
2012.819095477387,0.331371014277365,0.25644077220239186,0.4129480900453086,US: Bilateral Management
2012.9396984924624,0.3260321586573241,0.2505690782021241,0.4071563577946512,US: Bilateral Management
2013.0603015075376,0.32084000473368846,0.24502104875980363,0.4004660982360996,US: Bilateral Management
2013.180904522613,0.31581577030656427,0.23982672543099265,0.3937041876134958,US: Bilateral Management
2013.3015075376884,0.31098067317608696,0.23501614977128488,0.38691053160699596,US: Bilateral Management
2013.4221105527638,0.3063559311423829,0.23061936333626348,0.38012503589674385,US: Bilateral Management
2013.5427135678392,0.3019627620055776,0.22666640768151153,0.3733876061628828,US: Bilateral Management
2013.6633165829146,0.297822383565797,0.22318732436261202,0.36673814808555644,US: Bilateral Management
2013.78391959799,0.2939560136231668,0.22021215493514806,0.3619483391115969,US: Bilateral Management
2013.9045226130654,0.29038486997781304,0.21777094095470279,0.36072918107380303,US: Bilateral Management
2014.0251256281408,0.2871301704298615,0.2158937239768592,0.35954675196052566,US: Bilateral Management
2014.145728643216,0.2842131327794431,0.21461054555720216,0.3583996476689386,US: Bilateral Management
2014.2663316582914,0.28165497482667273,0.21381908502654756,0.35728646409620923,US: Bilateral Management
2014.3869346733668,0.27947691437168204,0.2098198880036763,0.3552290590422991,US: Bilateral Management
2014.5075376884422,0.27770016921459684,0.206539675635865,0.3530768551048182,US: Bilateral Management
2014.6281407035176,0.2763459571555429,0.2040247144733254,0.3509980526209078,US: Bilateral Management
2014.748743718593,0.27543549599464634,0.20277276734923638,0.3490013716671424,US: Bilateral Management
2014.8693467336684,0.2749900035320327,0.20009271008806195,0.3480494038026012,US: Bilateral Management
2014.9899497487438,0.27503069756782794,0.19734740717429697,0.3486562995689493,US: Bilateral Management
2015.110552763819,0.27556671584665193,0.1955355378988629,0.34937925308238305,US: Bilateral Management
2015.2311557788944,0.27654508956180063,0.19460097724960468,0.35018071518266336,US: Bilateral Management
2015.3517587939698,0.27789294640414713,0.19445789871257368,0.35101381664213466,US: Bilateral Management
2015.4723618090452,0.27953740498864077,0.1950204622300406,0.3518316839832266,US: Bilateral Management
2015.5929648241206,0.28140558393023046,0.1962028277442761,0.35258744372836837,US: Bilateral Management
2015.713567839196,0.2834246018438656,0.19791915519755088,0.3532342223999893,US: Bilateral Management
2015.8341708542714,0.28552157734449524,0.20008360453213558,0.3537251465205188,US: Bilateral Management
2015.9547738693468,0.2876236290470687,0.2026103356903009,0.3540133426123863,US: Bilateral Management
2016.0753768844222,0.28965787556653505,0.20541350861431754,0.35405193719802114,US: Bilateral Management
2016.1959798994974,0.2915514355178401,0.2084072832464503,0.3537940567998533,US: Bilateral Management
2016.3165829145728,0.2932314275159401,0.21150581952898143,0.35319282794031137,US: Bilateral Management
2016.4371859296482,0.29462497017578093,0.21463115436901142,0.35220137714182487,US: Bilateral Management
2016.5577889447236,0.29565918211231135,0.21771821834370303,0.35077283092682315,US: Bilateral Management
2016.678391959799,0.2962611819404808,0.22063038309373068,0.3484664329840116,US: Bilateral Management
2016.7989949748744,0.29635808827523824,0.22327812060852714,0.34647513948719777,US: Bilateral Management
2016.9195979899498,0.29587701973153313,0.22325122220816956,0.34636580290378727,US: Bilateral Management
2017.0402010050252,0.2947450949243143,0.22253719641244535,0.3458167773977666,US: Bilateral Management
2017.1608040201006,0.2928894324685313,0.22050842085463027,0.34582029329889874,US: Bilateral Management
2017.2814070351758,0.29023715097913866,0.215714856413051,0.34452061985771243,US: Bilateral Management
2017.4020100502512,0.28671536907107625,0.21057723328887645,0.34334253655460345,US: Bilateral Management
2017.5226130653266,0.282251205359297,0.20507327464432068,0.34189549342682657,US: Bilateral Management
2017.643216080402,0.27677177845875023,0.1991807036415893,0.33905774174834524,US: Bilateral Management
2017.7638190954774,0.27020420698438513,0.1928772434428878,0.33450899343689344,US: Bilateral Management
2017.8844221105528,0.2624756095511509,0.18614061721042174,0.3281176285098969,US: Bilateral Management
2018.0050251256282,0.2535131078148659,0.17894854952096811,0.3197520315003223,US: Bilateral Management
2018.1256281407036,0.2432913248504186,0.17130086197200833,0.30935112420599287,US: Bilateral Management
2018.2462311557788,0.2319526028780237,0.1632753968496607,0.29710288308471156,US: Bilateral Management
2018.3668341708542,0.21967628237439693,0.15496720753089507,0.2832502251806964,US: Bilateral Management
2018.4874371859296,0.2066417038163171,0.1464713473927266,0.2680360675382339,US: Bilateral Management
2018.608040201005,0.19302820768054307,0.13788286981215572,0.2517033272015887,US: Bilateral Management
2018.7286432160804,0.17901513444383355,0.1292968281661827,0.2344949212150258,US: Bilateral Management
2018.8492462311558,0.16478182458294705,0.12080827583180798,0.21665376662280983,US: Bilateral Management
2018.9698492462312,0.15050761857464243,0.11251226618603177,0.19842278046920564,US: Bilateral Management
2019.0904522613066,0.13637185689567818,0.10253974507101707,0.18004487979847802,US: Bilateral Management
2019.211055276382,0.12255388002281319,0.08933675985532297,0.16176298165489184,US: Bilateral Management
2019.3316582914572,0.10923302843283045,0.07572721181880245,0.14390206679865714,US: Bilateral Management
2019.4522613065326,0.09658864260243828,0.06290299289608398,0.13170326083640768,US: Bilateral Management
2019.572864321608,0.08480006300842093,0.05103324399527136,0.11878655620562523,US: Bilateral Management
2019.6934673366834,0.07404663012753704,0.040287106024442174,0.11040752257089903,US: Bilateral Management
2019.8140703517588,0.064507684436545365,0.030833719891674022,0.10292024396528147,US: Bilateral Management
2019.9346733668342,0.05636256641220455,0.02215698932026931,0.09645107992814592,US: Bilateral Management
2020.0552763819096,0.04978574411172734,0.014971569762266568,0.09112282488031058,US: Bilateral Management
2020.175879396985,0.044814221861021325,0.010650156198502445,0.08695769190009983,US: Bilateral Management
2020.2964824120604,0.04133174790463553,0.005847853432091006,0.08386575756072488,US: Bilateral Management
2020.4170854271356,0.03921402788325842,0.002472349969396395,0.0817512137130369,US: Bilateral Management
2020.537688442211,0.038336767437567865,8.650597286213914e-4,0.08051825220787617,US: Bilateral Management
2020.6582914572864,0.03857567220825473,6.623426036685893e-4,0.08007106489609563,US: Bilateral Management
2020.7788944723618,0.03980644783600466,0.0016871350696861728,0.07981851725505684,US: Bilateral Management
2020.8994974874372,0.04190479996150331,0.0038130263171451766,0.08004495411571802,US: Bilateral Management
2021.0201005025126,0.04474643422543631,0.006913605536516615,0.08213283563547547,US: Bilateral Management
2021.140703517588,0.04820705626848931,0.010625371421755713,0.08801887253799753,US: Bilateral Management
2021.2613065326634,0.05216237173134797,0.01094463874063658,0.09354697844657277,US: Bilateral Management
2021.3819095477386,0.056488086254689485,0.011934193681153615,0.09891167434903508,US: Bilateral Management
2021.502512562814,0.061059905479216005,0.013550784502471908,0.10427329712903805,US: Bilateral Management
2021.6231155778894,0.06575353504560533,0.015751159463751496,0.10948250545263785,US: Bilateral Management
2021.7437185929648,0.07044468059454312,0.01849206682415367,0.11551781574290004,US: Bilateral Management
2021.8643216080402,0.07500904776671502,0.021730254842839702,0.12425067932742216,US: Bilateral Management
2021.9849246231156,0.07932234220280662,0.025422471778970883,0.13226791818495143,US: Bilateral Management
2022.105527638191,0.08326026954350367,0.02952546589170852,0.13937172944734136,US: Bilateral Management
2022.2261306532664,0.08669853542949174,0.03399598544021386,0.14536431024644533,US: Bilateral Management
2022.3467336683418,0.0895128455014565,0.039113761336556835,0.15004785771411688,US: Bilateral Management
2022.467336683417,0.09157890540008042,0.04450056022824647,0.15308103546925708,US: Bilateral Management
2022.5879396984924,0.0927724207660572,0.05008479695956552,0.15379615630364735,US: Bilateral Management
2022.7085427135678,0.09296909724006783,0.05582004183698812,0.15259743029094963,US: Bilateral Management
2022.8291457286432,0.09204464046279796,0.05821100263646928,0.14929047336641538,US: Bilateral Management
2022.9497487437186,0.08987475607493321,0.056821287882363854,0.14368090146529586,US: Bilateral Management
2023.070351758794,0.08635247414768626,0.053833760755331125,0.1361295742846559,US: Bilateral Management
2023.1909547738694,0.0816479651321582,0.04865483165855314,0.13170809502166067,US: Bilateral Management
2023.3115577889448,0.07615429368328586,0.0414772782587837,0.1261535485978843,US: Bilateral Management
2023.43216080402,0.07027083802399364,0.033962916187557125,0.11963477644181653,US: Bilateral Management
2023.5527638190954,0.06439697637717189,0.02684461500499401,0.11134096488326664,US: Bilateral Management
2023.6733668341708,0.05893208696574463,0.020355754501004446,0.10642999012626925,US: Bilateral Management
2023.7939698492462,0.054275548012625095,0.014933980547023449,0.10700796007361249,US: Bilateral Management
2023.9145728643216,0.050826737740726366,0.011056014995054604,0.11014867524764119,US: Bilateral Management
2024.035175879397,0.04898503437296167,0.008506288012277072,0.11397894853063864,US: Bilateral Management
2024.1557788944724,0.04914981613224417,0.00612505826066647,0.1172714309314921,US: Bilateral Management
2024.2763819095478,0.051720461241487055,0.005720414860681816,0.11996435574238784,US: Bilateral Management
2024.3969849246232,0.05709634792360348,0.006252891340210545,0.12199595625551202,US: Bilateral Management
2024.5175879396984,0.06567685440148714,0.009147704405441494,0.12829419200441358,US: Bilateral Management
2024.6381909547738,0.077861358898083,0.016092218700297083,0.14279605591451455,US: Bilateral Management
2024.7587939698492,0.09404923963629118,0.02408599216417932,0.1621755090727497,US: Bilateral Management
2024.8793969849246,0.1146398748390248,0.029936173567934717,0.19628232638554066,US: Bilateral Management
2025,0.14003264272919705,0.03830495946261506,0.2358924961401529,US: Bilateral Management
2001,-0.0033774161734613723,-0.010346956320509672,0.006166272823708484,US: Economic Security
2001.1206030150754,-5.568170334464068e-4,-0.0042690741176242344,0.007533739952380141,US: Economic Security
2001.2412060301508,0.0018893162560020473,-2.36382953919865e-5,0.00865821579500585,US: Economic Security
2001.3618090452262,0.003979565130692198,9.483982221727364e-4,0.009695506832412742,US: Economic Security
2001.4824120603016,0.005732511026432254,0.0015796212356432402,0.012219484931763249,US: Economic Security
2001.6030150753768,0.007166735379028015,0.0021026055856733553,0.014185366443380941,US: Economic Security
2001.7236180904522,0.008300819624293063,0.0025257320173228694,0.016857485406980406,US: Economic Security
2001.8442211055276,0.009153345198032613,0.002857381275648531,0.018967531062003974,US: Economic Security
2001.964824120603,0.009742893536054877,0.0031059341057081756,0.020487896770804224,US: Economic Security
2002.0854271356784,0.010088046074168052,0.003272019269676718,0.021457169835643122,US: Economic Security
2002.2060301507538,0.010207384248180365,0.0033226634687216826,0.02191393755878268,US: Economic Security
2002.3266331658292,0.010119489493900014,0.0033199157167543986,0.02189678724248488,US: Economic Security
2002.4472361809046,0.00984294324713521,0.003270505906509528,0.021444306189011733,US: Economic Security
2002.5678391959798,0.009396326943695162,0.003181163930721925,0.02059508170062717,US: Economic Security
2002.6884422110552,0.008798222019386355,0.0030586196821259007,0.019387701079589918,US: Economic Security
2002.8090452261306,0.00806720991001769,0.002909603053456244,0.017860751628163217,US: Economic Security
2002.929648241206,0.00722187205139738,0.002740843937447613,0.01605282064860906,US: Economic Security
2003.0502512562814,0.006280789879333635,0.002661914145363604,0.014002495443189447,US: Economic Security
2003.1708542713568,0.005262544829634657,0.0019835847909384745,0.011748363314166357,US: Economic Security
2003.2914572864322,0.004185718338108665,0.001248320085941384,0.009329011563801799,US: Economic Security
2003.4120603015076,0.0030688918405638622,4.0817580349453885e-4,0.006783027494357753,US: Economic Security
2003.532663316583,0.0019306467728084603,-0.0010878913856224492,0.005171804065698505,US: Economic Security
2003.6532663316582,7.895645706528106e-4,-0.002771562631180835,0.004380366796958602,US: Economic Security
2003.7738693467336,-3.357733300992039e-4,-0.004773374075595472,0.004169553598588599,US: Economic Security
2003.894472361809,-0.0014267854936372284,-0.006723956508566834,0.0038474949513967005,US: Economic Security
2004.0150753768844,-0.0024648904841530444,-0.00859269427099881,0.0035605517448553097,US: Economic Security
2004.1356783919598,-0.0034315068658384495,-0.010703269002120307,0.003319493753010061,US: Economic Security
2004.2562814070352,-0.004308053202885225,-0.012869369223518654,0.003186507433213541,US: Economic Security
2004.3768844221106,-0.005075948059485175,-0.014716028913444583,0.0035330881600972508,US: Economic Security
2004.497487437186,-0.005716609999830079,-0.01623962643928701,0.003972568104929391,US: Economic Security
2004.6180904522614,-0.006211457588111735,-0.017466792559913652,0.004513328012767789,US: Economic Security
2004.7386934673366,-0.006541909388521457,-0.01854456188183775,0.00516374862866895,US: Economic Security
2004.859296482412,-0.006689383965252332,-0.019600324203801416,0.0059322106976931405,US: Economic Security
2004.9798994974874,-0.006635299882495367,-0.02028108391543881,0.006827094964897072,US: Economic Security
2005.1005025125628,-0.006361075704442339,-0.020548253714487912,0.007856782175338578,US: Economic Security
2005.2211055276382,-0.005848129995285049,-0.020363246298686733,0.0090296530740754909,US: Economic Security
2005.3417085427136,-0.0050778813192152794,-0.01957134162170772,0.010354088406165647,US: Economic Security
2005.462311557789,-0.0040317482404248275,-0.018145008710206464,0.011838468916666872,US: Economic Security
2005.5829145728644,-0.002691149323105477,-0.01611084292360776,0.013478927994753491,US: Economic Security
2005.7035175879396,-0.001037503131452444,-0.013427921294892183,0.01502945834944889,US: Economic Security
2005.824120603015,9.477717703486771e-4,-0.010293373952551053,0.01672379913513878,US: Economic Security
2005.9447236180904,0.0032832568181032883,-0.007291150319698968,0.018568269496532487,US: Economic Security
2006.0653266331658,0.005985622569815989,-0.0037180491778312586,0.020568195306122614,US: Economic Security
2006.1859296482412,0.009035126793665018,-9.027963696926395e-4,0.022709975107557925,US: Economic Security
2006.3065326633166,0.012379366642260256,0.0016668942258452415,0.024963030491772155,US: Economic Security
2006.427135678392,0.015964781608513515,0.0034895993223148904,0.02953547353180351,US: Economic Security
2006.5477386934674,0.01973781118533659,0.005084229641614294,0.035773360378776375,US: Economic Security
2006.6683417085428,0.023644894865641315,0.006763998164935305,0.04256357151397054,US: Economic Security
2006.788944723618,0.027632472142331947,0.008504798990522349,0.048929370846643304,US: Economic Security
2006.9095477386934,0.031646982508335385,0.01028252621662976,0.0566691166589945,US: Economic Security
2007.0301507537688,0.03563486545655604,0.01207307394150206,0.06467157405033555,US: Economic Security
2007.1507537688442,0.03954256047990568,0.01385233626338699,0.0724973906427677,US: Economic Security
2007.2713567839196,0.04331650707129613,0.015596207280532286,0.08003420554393717,US: Economic Security
2007.391959798995,0.04690314472363921,0.0172805810911857,0.08716965786149024,US: Economic Security
2007.5125628140704,0.05024891292984675,0.018881351793594976,0.09379138670307319,US: Economic Security
2007.6331658291458,0.05330025118283053,0.020374413486007853,0.09978703117633225,US: Economic Security
2007.7537688442212,0.056003598975502354,0.021735660266672063,0.1050442303889137,US: Economic Security
2007.8743718592964,0.058305395800770154,0.022940986233833265,0.10945062344845637,US: Economic Security
2007.9949748743718,0.06015208115155448,0.02402398577068214,0.11289384946262325,US: Economic Security
2008.1155778894472,0.06150268997673729,0.02508155835132485,0.11528831286516728,US: Economic Security
2008.2361809045226,0.06237335448618118,0.025101838589078634,0.11666974968859424,US: Economic Security
2008.356783919598,0.06279637797693409,0.02480184923007154,0.11710825950278611,US: Economic Security
2008.4773869346734,0.0628040647812585,0.024257503652126367,0.1166739440774544,US: Economic Security
2008.5979899497488,0.06242871923141706,0.02349472718751136,0.11543690518231059,US: Economic Security
2008.7185929648242,0.06170264565967223,0.022539445168494775,0.1134672445870662,US: Economic Security
2008.8391959798994,0.06065814839828878,0.021417637583385173,0.1108350640614383,US: Economic Security
2008.9597989949748,0.059327531779525315,0.020212932367282957,0.10761046537512839,US: Economic Security
2009.0804020100502,0.05774310013564598,0.018892280676213735,0.10386355029785226,US: Economic Security
2009.2010050251256,0.055937157798913374,0.017480409650967588,0.09966442059932148,US: Economic Security
2009.321608040201,0.05394200910159,0.016002046432334577,0.09508317804924754,US: Economic Security
2009.4422110552764,0.05178995837593838,0.014481918161104787,0.09028124294668732,US: Economic Security
2009.5628140703518,0.049513309954221076,0.01294475197806829,0.08695519368452978,US: Economic Security
2009.6834170854272,0.04714436816870063,0.011415275024015166,0.08342095061240967,US: Economic Security
2009.8040201005026,0.04471543735163955,0.009918214439735477,0.07972839832476858,US: Economic Security
2009.9246231155778,0.04225882183530501,0.008478297366021941,0.07592742141605537,US: Economic Security
2010.0452261306532,0.03980682595195022,0.007120250943659178,0.07156771060523978,US: Economic Security
2010.1658291457286,0.03739175403384236,0.005868802313440031,0.06699123841023882,US: Economic Security
2010.286432160804,0.03504591041324395,0.0046160115547468055,0.06410693586327343,US: Economic Security
2010.4070351758794,0.03280159942241752,0.002650195994690217,0.061945127519961354,US: Economic Security
2010.5276381909548,0.030691125393625607,0.0012374001097397135,0.05981216169758692,US: Economic Security
2010.6482412060302,0.02874679265913076,1.062220033829519e-4,0.05773723024752854,US: Economic Security
2010.7688442211056,0.027000905551195498,-7.090836113348086e-4,0.05574952502116458,US: Economic Security
2010.889447236181,0.02548576840208237,-0.0011742620213683387,0.05387823786987338,US: Economic Security
2011.0100502512562,0.024233681385174174,-0.001624793513432872,0.052152557482275624,US: Economic Security
2011.1306532663316,0.02326782424602457,-0.0017392185059421487,0.05063207146457904,US: Economic Security
2011.251256281407,0.022582917501928347,-0.0015203420361495248,0.05041125844005114,US: Economic Security
2011.3718592964824,0.022168146198480652,-9.84799463523722e-4,0.05038652463386973,US: Economic Security
2011.4924623115578,0.022012695381276638,-1.492261475334539e-4,0.05014772640650309,US: Economic Security
2011.6130653266332,0.022105750095911456,8.357546646235435e-4,0.050075233554334,US: Economic Security
2011.7336683417086,0.02243649538798027,0.0015038793059568378,0.050167959089796696,US: Economic Security
2011.854271356784,0.02299411630307822,0.002489961470612155,0.05041518151606588,US: Economic Security
2011.9748743718592,0.023767797886798815,0.0037796419922275087,0.05080617933631542,US: Economic Security
2012.0954773869346,0.024746725184740134,0.005358561704448541,0.05149693838281334,US: Economic Security
2012.21608040201,0.025920083242496075,0.007212361440913793,0.05417985309590741,US: Economic Security
2012.3366834170854,0.027277057105661816,0.008873751530931782,0.05703070172410178,US: Economic Security
2012.4572864321608,0.028806831819832488,0.009485464128493461,0.06002666172209088,US: Economic Security
2012.5778894472362,0.030498592430603252,0.009988107210541204,0.06314491054456917,US: Economic Security
2012.6984924623116,0.03234152398356925,0.010704139421438472,0.06636262564623106,US: Economic Security
2012.819095477387,0.034324811524325656,0.011636847814861915,0.06965698448177104,US: Economic Security
2012.9396984924624,0.03643764009846759,0.012789519444488162,0.07264115974859059,US: Economic Security
2013.0603015075376,0.03866919475158594,0.01416544136399106,0.07556922972719396,US: Economic Security
2013.180904522613,0.04100866052928428,0.015767900627052432,0.07918939893461543,US: Economic Security
2013.3015075376884,0.04344522247715363,0.017600184287346526,0.08392833067668283,US: Economic Security
2013.4221105527638,0.045968065640789174,0.01865501586116691,0.08866865685302884,US: Economic Security
2013.5427135678392,0.04856637506578609,0.01973492029412878,0.0933782832101869,US: Economic Security
2013.6633165829146,0.05122933579773948,0.02101460538447535,0.09802511549469066,US: Economic Security
2013.78391959799,0.05394613288224451,0.022499637369501502,0.10257705945307355,US: Economic Security
2013.9045226130654,0.056705951364896354,0.024195582486502117,0.10700202083186924,US: Economic Security
2014.0251256281408,0.05949797629129019,0.026108006972772085,0.1111040877864084,US: Economic Security
2014.145728643216,0.06231139270701577,0.028242477065602022,0.1149803445639539,US: Economic Security
2014.2663316582914,0.06513538565767898,0.030604559002294873,0.11863030422013562,US: Economic Security
2014.3869346733668,0.06795914018886962,0.033199819020141685,0.12202302100429019,US: Economic Security
2014.5075376884422,0.07077184134618285,0.03603382335643736,0.12512754916576174,US: Economic Security
2014.6281407035176,0.0735626741752138,0.03911213824847676,0.12791294295389435,US: Economic Security
2014.748743718593,0.0763208237215577,0.04251784075103934,0.13034825661803226,US: Economic Security
2014.8693467336684,0.07903547503080967,0.046321100498981846,0.1324025444075195,US: Economic Security
2014.9899497487438,0.08169581314856483,0.048855509375440614,0.13404486057170029,US: Economic Security
2015.110552763819,0.08429071159691957,0.0517064242419885,0.13525042820464164,US: Economic Security
2015.2311557788944,0.08680744227869958,0.05480552407171363,0.13602618595597818,US: Economic Security
2015.3517587939698,0.08923276382021494,0.058028888460257166,0.13638923646968845,US: Economic Security
2015.4723618090452,0.09155343461372883,0.0613488742957339,0.1363566870244981,US: Economic Security
2015.5929648241206,0.09375621305150415,0.06426838599978094,0.13594564489913272,US: Economic Security
2015.713567839196,0.09582785752580403,0.06551311588598648,0.1351732173723179,US: Economic Security
2015.8341708542714,0.09775512642889136,0.06673287290468194,0.13405651172277927,US: Economic Security
2015.9547738693468,0.0995247781530293,0.06792327202033942,0.13548852148913082,US: Economic Security
2016.0753768844222,0.10112357109048077,0.06938438087320664,0.13841956866480176,US: Economic Security
2016.1959798994974,0.10253826363350636,0.07089672184536817,0.14008017487560587,US: Economic Security
2016.3165829145728,0.1037556141743744,0.07058419992882187,0.14282383762577178,US: Economic Security
2016.4371859296482,0.10476238110534508,0.06924913348824438,0.14670612575628855,US: Economic Security
2016.5577889447236,0.10554532281868147,0.06833469896886789,0.15017821953662608,US: Economic Security
2016.678391959799,0.10609119770664652,0.06735878919366362,0.1531947033463098,US: Economic Security
2016.7989949748744,0.10638676416150326,0.06633202676335116,0.15571016156486495,US: Economic Security
2016.9195979899498,0.10641878057551475,0.06526503427865017,0.15767917857181699,US: Economic Security
2017.0402010050252,0.10617400534094397,0.06416843434028033,0.15905633874669126,US: Economic Security
2017.1608040201006,0.10563919685005402,0.06305284954896123,0.15979622646901315,US: Economic Security
2017.2814070351758,0.10480111349510965,0.061008957777357715,0.1598534261183085,US: Economic Security
2017.4020100502512,0.10364651366837091,0.05896842116623871,0.1591825220741031,US: Economic Security
2017.5226130653266,0.10216215576210193,0.057046752205818674,0.15773809871592145,US: Economic Security
2017.643216080402,0.10033479816856587,0.05526918276293189,0.155474740423289,US: Economic Security
2017.7638190954774,0.09815119928002568,0.05366094470441264,0.15234703157573098,US: Economic Security
2017.8844221105528,0.0955981174887444,0.05000975111958389,0.14830955655277292,US: Economic Security
2018.0050251256282,0.0926623131031032,0.04598004899793112,0.14331690303336575,US: Economic Security
2018.1256281407036,0.08936047811247744,0.041755048233795854,0.13737519902427237,US: Economic Security
2018.2462311557788,0.08581498800059924,0.03745851970634313,0.13067255235305247,US: Economic Security
2018.3668341708542,0.08217153166022287,0.03323534125254485,0.1236904238151276,US: Economic Security
2018.4874371859296,0.07857579798412288,0.029230390709397366,0.11771672385401576,US: Economic Security
2018.608040201005,0.07517347586506722,0.025588545913889024,0.11324622552201469,US: Economic Security
2018.7286432160804,0.07211025419582383,0.02245468470300813,0.11138253467098022,US: Economic Security
2018.8492462311558,0.06953182186916063,0.02006391544038602,0.11173160157204201,US: Economic Security
2018.9698492462312,0.06758386777784561,0.019419378926491936,0.11673890849759513,US: Economic Security
2019.0904522613066,0.06641208081464672,0.019756391124848824,0.12222568104584305,US: Economic Security
2019.211055276382,0.06616214987233197,0.021210440538359916,0.12821099652577053,US: Economic Security
2019.3316582914572,0.0669797638436666,0.01927068318963957,0.13471393224634956,US: Economic Security
2019.4522613065326,0.06901061162142148,0.0186160698560056,0.14175356551658932,US: Economic Security
2019.572864321608,0.0724003820983641,0.019723553939183812,0.14934897364546282,US: Economic Security
2019.6934673366834,0.07729476416726237,0.022797310671547864,0.15751923394195477,US: Economic Security
2019.8140703517588,0.08383944672088423,0.027073854258234123,0.16628342371504987,US: Economic Security
2019.9346733668342,0.09218011865199768,0.03241056643755898,0.17566062027373291,US: Economic Security
2020.0552763819096,0.10245734058752788,0.04011041858990891,0.18566908517125608,US: Economic Security
2020.175879396985,0.11466699132820687,0.050438049777962034,0.1963040653526731,US: Economic Security
2020.2964824120604,0.12864364625665387,0.06270527659380147,0.20753514915015875,US: Economic Security
2020.4170854271356,0.1442134158418157,0.07674355710903717,0.21910528794982181,US: Economic Security
2020.537688442211,0.16120241055272916,0.09238434939536047,0.23357841361630086,US: Economic Security
2020.6582914572864,0.17943674085834405,0.10945911152438458,0.25212417220900746,US: Economic Security
2020.7788944723618,0.19874251722763814,0.12570826118672795,0.2714373693812314,US: Economic Security
2020.8994974874372,0.21894585012958906,0.1411717824777479,0.29137684174836337,US: Economic Security
2021.0201005025126,0.2398728500331746,0.15770700664747744,0.31180142592579374,US: Economic Security
2021.140703517588,0.2613496274073725,0.17519398445054987,0.3341401186916534,US: Economic Security
2021.2613065326634,0.2832022927211605,0.19351276664159853,0.3627053596852687,US: Economic Security
2021.3819095477386,0.30525695644347467,0.2125434039752202,0.39102503360648677,US: Economic Security
2021.502512562814,0.3273397290433761,0.23216594720612005,0.41881081794237596,US: Economic Security
2021.6231155778894,0.3492767209898011,0.2522604470888963,0.4457743901798439,US: Economic Security
2021.7437185929648,0.3708940427517274,0.272706954378182,0.47162742780585143,US: Economic Security
2021.8643216080402,0.3920178047981328,0.2933855198286107,0.4960816083073599,US: Economic Security
2021.9849246231156,0.41247411759799507,0.3141761941948156,0.5188486091713304,US: Economic Security
2022.105527638191,0.43208909162029163,0.33495902823142987,0.5396401078847239,US: Economic Security
2022.2261306532664,0.4506888373340007,0.355370210549857,0.5581677819345016,US: Economic Security
2022.3467336683418,0.46809946520809964,0.3737446104658302,0.5741433088076247,US: Economic Security
2022.467336683417,0.4841470857115373,0.3915955616200283,0.5872783659910321,US: Economic Security
2022.5879396984924,0.4986578093133523,0.4088112375690107,0.5972846309717355,US: Economic Security
2022.7085427135678,0.511457746482491,0.42527981186923486,0.6038737812366679,US: Economic Security
2022.8291457286432,0.5223730076879309,0.4408894580771928,0.6067574942727905,US: Economic Security
2022.9497487437186,0.5312297033986496,0.45552834974937645,0.6056474475670648,US: Economic Security
2023.070351758794,0.5378558204746998,0.4661980846005058,0.6093066703597086,US: Economic Security
2023.1909547738694,0.5421093625628021,0.4722292848555121,0.6157549154201576,US: Economic Security
2023.3115577889448,0.5438724747493651,0.4595302098535785,0.6328050216707148,US: Economic Security
2023.43216080402,0.5430279859367908,0.4436590867301957,0.6490599887599184,US: Economic Security
2023.5527638190954,0.5394587250274738,0.42740347031513015,0.6618901381411344,US: Economic Security
2023.6733668341708,0.5330475209238112,0.4068417279574382,0.6704077161363462,US: Economic Security
2023.7939698492462,0.5236772025282013,0.3810795488248071,0.6737249690675716,US: Economic Security
2023.9145728643216,0.511230598743041,0.3543465285870987,0.6709541432568276,US: Economic Security
2024.035175879397,0.495590538470729,0.327148470349461,0.6612074850261316,US: Economic Security
2024.1557788944724,0.47663985061366243,0.2999911772170416,0.643597240697501,US: Economic Security
2024.2763819095478,0.4542613640742397,0.27338045229498864,0.6172356565929531,US: Economic Security
2024.3969849246232,0.42833790775485836,0.24782209868844973,0.581234979034505,US: Economic Security
2024.5175879396984,0.3987523105579756,0.2279840253689984,0.5347074543442727,US: Economic Security
2024.6381909547738,0.3653874013858779,0.2121524461191211,0.47676532884409895,US: Economic Security
2024.7587939698492,0.32812600914101553,0.19409995789556383,0.4129509009009271,US: Economic Security
2024.8793969849246,0.2868509627257863,0.16104575259592618,0.3516988444457082,US: Economic Security
2025,0.24144509104258788,0.12646432192513585,0.3232931499568831,US: Economic Security
2001,0.19120344418009375,0.05558203508350322,0.3741551526591439,US: Self-Conception
2001.1206030150754,0.1944847279620597,0.0723112136239296,0.3600443580371933,US: Self-Conception
2001.2412060301508,0.1971943186616409,0.08805038193286713,0.3464710435046143,US: Self-Conception
2001.3618090452262,0.19935403066621962,0.10452737041852955,0.3334233434366187,US: Self-Conception
2001.4824120603016,0.20098567836317813,0.1125621666181178,0.3208893922084186,US: Self-Conception
2001.6030150753768,0.20211107613989687,0.11380238839251347,0.308857324195248,US: Self-Conception
2001.7236180904522,0.20275203838376224,0.11690120975221335,0.29731527377227346,US: Self-Conception
2001.8442211055276,0.202930379482154,0.11965813497021406,0.28825749317012445,US: Self-Conception
2001.964824120603,0.2026679138224541,0.12042295688265306,0.2841089416446113,US: Self-Conception
2002.0854271356784,0.20198645579204502,0.11983968701415353,0.279656080359173,US: Self-Conception
2002.2060301507538,0.20090781977830868,0.11918527795775431,0.27379733686729624,US: Self-Conception
2002.3266331658292,0.19945382016862756,0.1184647800626459,0.2716236709309321,US: Self-Conception
2002.4472361809046,0.19764627135038368,0.11768324367801872,0.27066660813448296,US: Self-Conception
2002.5678391959798,0.1955069877109635,0.11493775662777464,0.2687991998714643,US: Self-Conception
2002.6884422110552,0.19305778363774134,0.11217956275049135,0.2660798749621732,US: Self-Conception
2002.8090452261306,0.190320473518103,0.10950876570805929,0.2625670622269167,US: Self-Conception
2002.929648241206,0.18731687173943065,0.10692914809772977,0.2588262166337649,US: Self-Conception
2003.0502512562814,0.1840687926891066,0.10444449251675417,0.25495917022701553,US: Self-Conception
2003.1708542713568,0.1805980507545129,0.10205858156238388,0.2508616236834614,US: Self-Conception
2003.2914572864322,0.1769264603230319,0.09977519783187028,0.24586336527844602,US: Self-Conception
2003.4120603015076,0.17307583578204572,0.09759812392246467,0.24074420302445265,US: Self-Conception
2003.532663316583,0.1690679915189366,0.09553114243141847,0.23705264724178812,US: Self-Conception
2003.6532663316582,0.16492474192109458,0.09357803595598661,0.2325074298828641,US: Self-Conception
2003.7738693467336,0.1606679013758863,0.09174258709341307,0.22694287394545987,US: Self-Conception
2003.894472361809,0.1563192842707016,0.09002857844095302,0.22086418654186407,US: Self-Conception
2004.0150753768844,0.15190070499292269,0.08843979259585782,0.21433490630577923,US: Self-Conception
2004.1356783919598,0.1474339779299318,0.08698001215537884,0.2074185718709079,US: Self-Conception
2004.2562814070352,0.14294091746911103,0.08565301971676745,0.20017872187095243,US: Self-Conception
2004.3768844221106,0.13844333799784267,0.084462597877275,0.19267889493961546,US: Self-Conception
2004.497487437186,0.1339630539035089,0.08341252923415286,0.1849826297105994,US: Self-Conception
2004.6180904522614,0.12952187957349193,0.0825065963846524,0.17715346481760677,US: Self-Conception
2004.7386934673366,0.12514162939518217,0.07946451857496012,0.16925493889435494,US: Self-Conception
2004.859296482412,0.12084411775594518,0.07614928907192989,0.16135059057451656,US: Self-Conception
2004.9798994974874,0.11665115904317154,0.07318021330669189,0.15489300439429785,US: Self-Conception
2005.1005025125628,0.11258456764424349,0.07089000602112859,0.15071342108388394,US: Self-Conception
2005.2211055276382,0.10866615794654313,0.06938457131909757,0.14642769441363554,US: Self-Conception
2005.3417085427136,0.10491774433745275,0.06780343617736767,0.14205585078435776,US: Self-Conception
2005.462311557789,0.10136114120435451,0.06416336831175005,0.13761791659685568,US: Self-Conception
2005.5829145728644,0.09801816293463059,0.06137956662499122,0.1331339182519346,US: Self-Conception
2005.7035175879396,0.0949106239156689,0.05951446543927459,0.12862388215040804,US: Self-Conception
2005.824120603015,0.09206033853483979,0.05697866494176278,0.12410328075177529,US: Self-Conception
2005.9447236180904,0.08948912117953155,0.054705716936158715,0.11955613083808853,US: Self-Conception
2006.0653266331658,0.08721828963301982,0.053566675853479656,0.11703597263863516,US: Self-Conception
2006.1859296482412,0.08525969862399597,0.05336849464381715,0.11461010230253979,US: Self-Conception
2006.3065326633166,0.08361671495179018,0.05174304016740092,0.1126174024432945,US: Self-Conception
2006.427135678392,0.08229240455999057,0.050777405663085,0.11074350703288738,US: Self-Conception
2006.5477386934674,0.08128983339218505,0.050434424673555384,0.10901794500311196,US: Self-Conception
2006.6683417085428,0.0806120673919617,0.050676930741498163,0.10804671064311437,US: Self-Conception
2006.788944723618,0.08026217250290882,0.050071912838302333,0.1096416736167109,US: Self-Conception
2006.9095477386934,0.08024321466861319,0.04990027318585449,0.11138397640345069,US: Self-Conception
2007.0301507537688,0.08055825983266365,0.0502227368619653,0.11326603805486544,US: Self-Conception
2007.1507537688442,0.08121037393864826,0.05104540264131975,0.11494326690382184,US: Self-Conception
2007.2713567839196,0.08220262293015508,0.05034016779987624,0.11922209856073257,US: Self-Conception
2007.391959798995,0.08353807275077207,0.051291405378975065,0.12446244817720195,US: Self-Conception
2007.5125628140704,0.08521978934408724,0.05021537621862862,0.12967551683460618,US: Self-Conception
2007.6331658291458,0.08725083865368853,0.04898056375885215,0.13575818611198434,US: Self-Conception
2007.7537688442212,0.0896342866231641,0.04839094095773773,0.14269098883765624,US: Self-Conception
2007.8743718592964,0.09237319919609628,0.048514520296143546,0.14931962118708572,US: Self-Conception
2007.9949748743718,0.09547064231608354,0.04941931425492929,0.15555079564027025,US: Self-Conception
2008.1155778894472,0.09892508435741931,0.051155677708597906,0.16130858371908902,US: Self-Conception
2008.2361809045226,0.102714152161224,0.053693920715460114,0.16659574832022478,US: Self-Conception
2008.356783919598,0.10680956982925138,0.056981683039678814,0.17143733931281308,US: Self-Conception
2008.4773869346734,0.11118306108538327,0.06096660299414642,0.1758584079927205,US: Self-Conception
2008.5979899497488,0.11580634965350127,0.06570822070086865,0.17988400565581392,US: Self-Conception
2008.7185929648242,0.12065115925748718,0.07149728501479069,0.18353918359796018,US: Self-Conception
2008.8391959798994,0.12568921362121294,0.07639372506997669,0.18684899311502,US: Self-Conception
2008.9597989949748,0.13089223646857934,0.08115764784490642,0.1915226408420203,US: Self-Conception
2009.0804020100502,0.1362319515234588,0.08633442597330789,0.19816230798771997,US: Self-Conception
2009.2010050251256,0.141680082509733,0.09188010953778175,0.20471622671584233,US: Self-Conception
2009.321608040201,0.14720835315128367,0.09775074862092872,0.2111535652301711,US: Self-Conception
2009.4422110552764,0.15278848717199242,0.10390239330534959,0.21744349173448954,US: Self-Conception
2009.5628140703518,0.15839220829574105,0.11029109367364501,0.22355517443258136,US: Self-Conception
2009.6834170854272,0.1639912402464113,0.11687289980841559,0.22945778152823007,US: Self-Conception
2009.8040201005026,0.1695573067478848,0.12360386179226221,0.2351204812252191,US: Self-Conception
2009.9246231155778,0.17506213152403302,0.13044002970777258,0.24044728290768522,US: Self-Conception
2010.0452261306532,0.18047743829875837,0.13703886412951471,0.24434801052557253,US: Self-Conception
2010.1658291457286,0.18577495079593223,0.1425962628624948,0.2479439725487086,US: Self-Conception
2010.286432160804,0.1909263927394362,0.14841225737601557,0.2512193171483009,US: Self-Conception
2010.4070351758794,0.19590348785315212,0.15125843445121132,0.2562724657296235,US: Self-Conception
2010.5276381909548,0.20067795986096154,0.15345441804765722,0.26125856475769915,US: Self-Conception
2010.6482412060302,0.2052215324867463,0.15592831195506912,0.2656962506400832,US: Self-Conception
2010.7688442211056,0.20950592945438803,0.15883788346852645,0.26953143195530693,US: Self-Conception
2010.889447236181,0.21350287448776853,0.16184932889398468,0.272710017281902,US: Self-Conception
2011.0100502512562,0.21718409547794665,0.16497005169884524,0.27517792495783033,US: Self-Conception
2011.1306532663316,0.2205304589502464,0.16820361271368162,0.2769024757609557,US: Self-Conception
2011.251256281407,0.22355134746924754,0.17154158227021915,0.2779177742795035,US: Self-Conception
2011.3718592964824,0.2262616901212788,0.17497319848421025,0.2782709149090418,US: Self-Conception
2011.4924623115578,0.22867641599266908,0.1784876994714072,0.27800899204513924,US: Self-Conception
2011.6130653266332,0.23081045416974696,0.18173179435465125,0.27730864049422177,US: Self-Conception
2011.7336683417086,0.23267873373884118,0.18305256452511126,0.27789112738829314,US: Self-Conception
2011.854271356784,0.2342961837862805,0.18427802305952157,0.2780314349740246,US: Self-Conception
2011.9748743718592,0.2356777333983911,0.1850988244505843,0.2777631935145858,US: Self-Conception
2012.0954773869346,0.23683831166150715,0.1856959301953483,0.27856318167742433,US: Self-Conception
2012.21608040201,0.2377928476619544,0.18454987235234194,0.27844485313231465,US: Self-Conception
2012.3366834170854,0.23855627048606162,0.18325264285217974,0.28035663456773224,US: Self-Conception
2012.4572864321608,0.2391435092201574,0.18183120475077771,0.2832033521399355,US: Self-Conception
2012.5778894472362,0.23956949295057064,0.18031252110405196,0.28586590585351157,US: Self-Conception
2012.6984924623116,0.23984915076363006,0.17872355496791836,0.2882197764530205,US: Self-Conception
2012.819095477387,0.2399974117456643,0.17709126939829295,0.29026694903278866,US: Self-Conception
2012.9396984924624,0.24002920498300206,0.17544262745109174,0.29200940868714265,US: Self-Conception
2013.0603015075376,0.23995945956197245,0.1738045921822337,0.2956908391922833,US: Self-Conception
2013.180904522613,0.23980310456890364,0.1722041266476286,0.29924204341534466,US: Self-Conception
2013.3015075376884,0.23957506909012466,0.1706681939031956,0.30252438016325245,US: Self-Conception
2013.4221105527638,0.23929028221196405,0.1692237570048507,0.3055186926951865,US: Self-Conception
2013.5427135678392,0.2389636730207507,0.16789777900850983,0.30808863529128006,US: Self-Conception
2013.6633165829146,0.23861017060281317,0.16671722297008895,0.30976541847591005,US: Self-Conception
2013.78391959799,0.23824470404448028,0.16570905194550414,0.31108673312921403,US: Self-Conception
2013.9045226130654,0.2378822024320807,0.16490022899067128,0.3120372460531272,US: Self-Conception
2014.0251256281408,0.23753759485194326,0.16431771716150648,0.31260162404958514,US: Self-Conception
2014.145728643216,0.2372258103903972,0.1642630575448148,0.31276453392052295,US: Self-Conception
2014.2663316582914,0.23696177813376987,0.16457387063798573,0.3125106424678768,US: Self-Conception
2014.3869346733668,0.23676042716839077,0.1652421816498207,0.31258225346585294,US: Self-Conception
2014.5075376884422,0.23663668658058876,0.16629715079573093,0.31419072889101696,US: Self-Conception
2014.6281407035176,0.2366054854566923,0.16776793829112727,0.31538759711526165,US: Self-Conception
2014.748743718593,0.23668175288303026,0.1696837043514209,0.3161487276433824,US: Self-Conception
2014.8693467336684,0.2368804179459313,0.17207360919202278,0.31644998998017515,US: Self-Conception
2014.9899497487438,0.2372164097317242,0.17301241151276978,0.31626725363043506,US: Self-Conception
2015.110552763819,0.23770180767765253,0.17413087809608907,0.3155855330439361,US: Self-Conception
2015.2311557788944,0.2383340404706382,0.17567171543593652,0.31443685909304253,US: Self-Conception
2015.3517587939698,0.23910584162070983,0.17760678660381338,0.31286833016652577,US: Self-Conception
2015.4723618090452,0.24000994249691343,0.17990794908763763,0.3109270515238889,US: Self-Conception
2015.5929648241206,0.24103907446829476,0.18254706037532764,0.30866012842463497,US: Self-Conception
2015.713567839196,0.24218596890389985,0.1854959779548014,0.30611466612826715,US: Self-Conception
2015.8341708542714,0.24344335717277465,0.1887265593139772,0.302924345913156,US: Self-Conception
2015.9547738693468,0.24480397064396506,0.19221066194077308,0.30072030429719493,US: Self-Conception
2016.0753768844222,0.24626054068651693,0.19592014332310734,0.300836787982367,US: Self-Conception
2016.1959798994974,0.24780579866947325,0.19982686094889052,0.3032206777823753,US: Self-Conception
2016.3165829145728,0.2494324759618858,0.20390267230605558,0.307362195477323,US: Self-Conception
2016.4371859296482,0.2511333039327977,0.20347315588263432,0.31138234404843573,US: Self-Conception
2016.5577889447236,0.2529010139512548,0.20253500924832948,0.3152496451369695,US: Self-Conception
2016.678391959799,0.25472833738630307,0.20177133965203298,0.31893262038418047,US: Self-Conception
2016.7989949748744,0.25660800560698843,0.19984906700033805,0.3223997914313244,US: Self-Conception
2016.9195979899498,0.2585327499823568,0.19608131468734397,0.3256196799196576,US: Self-Conception
2017.0402010050252,0.260495301881454,0.19300655469498346,0.32856080749043604,US: Self-Conception
2017.1608040201006,0.26248839267332613,0.1904427277042738,0.3351518790835954,US: Self-Conception
2017.2814070351758,0.2645047537270152,0.18844616747311754,0.3413074134831669,US: Self-Conception
2017.4020100502512,0.2665371164115748,0.18707320775940622,0.346874011411058,US: Self-Conception
2017.5226130653266,0.26857821209604693,0.1863801823210436,0.35178202017776616,US: Self-Conception
2017.643216080402,0.27062077214947766,0.18642342491592892,0.3559617870938011,US: Self-Conception
2017.7638190954774,0.27265752794091286,0.18725926930196146,0.3593436594696725,US: Self-Conception
2017.8844221105528,0.2746812108393985,0.18894404923704045,0.36185798461589,US: Self-Conception
2018.0050251256282,0.2766845518554313,0.19153409621617465,0.363435111501589,US: Self-Conception
2018.1256281407036,0.27865468110241925,0.19505039311879474,0.36403129848360394,US: Self-Conception
2018.2462311557788,0.2805589529125156,0.19938911308793011,0.36369428540386006,US: Self-Conception
2018.3668341708542,0.28236035914974034,0.2044188966755253,0.3624919925997754,US: Self-Conception
2018.4874371859296,0.28402189167810254,0.21000838443350073,0.3604923404087691,US: Self-Conception
2018.608040201005,0.28550654236161493,0.21602621691378437,0.35776324916826063,US: Self-Conception
2018.7286432160804,0.2867773030642902,0.2223410346683042,0.3540130026291832,US: Self-Conception
2018.8492462311558,0.28779716565014113,0.22882147824898813,0.3489338733229969,US: Self-Conception
2018.9698492462312,0.2885291219831804,0.23533618820776414,0.3456351490981638,US: Self-Conception
2019.0904522613066,0.28893616392742094,0.2417538050965601,0.3481415868433342,US: Self-Conception
2019.211055276382,0.28898128334687523,0.24789596378800566,0.34833564401549916,US: Self-Conception
2019.3316582914572,0.2886274721055572,0.25120011276550003,0.3487380456304964,US: Self-Conception
2019.4522613065326,0.2878377220674782,0.2500481108465368,0.3509506889022253,US: Self-Conception
2019.572864321608,0.2865750250966514,0.24569118719787442,0.35204957972441003,US: Self-Conception
2019.6934673366834,0.2848023730570894,0.23955424388004515,0.3519125803239319,US: Self-Conception
2019.8140703517588,0.2824827578128051,0.2337080600731238,0.3504175529276722,US: Self-Conception
2019.9346733668342,0.27957917122781095,0.22789105748491661,0.34744235976251214,US: Self-Conception
2020.0552763819096,0.2760565054568474,0.22215066101001998,0.3428697709708208,US: Self-Conception
2020.175879396985,0.2719332648388104,0.21652650518704997,0.3367210218598644,US: Self-Conception
2020.2964824120604,0.26728772506594617,0.21104953921327024,0.32917172030031466,US: Self-Conception
2020.4170854271356,0.2622012985237705,0.20503618472724333,0.3204055753576964,US: Self-Conception
2020.537688442211,0.2567553975977701,0.1968914006520809,0.3106062960974835,US: Self-Conception
2020.6582914572864,0.25103143467346006,0.18866959886135728,0.3029649251291996,US: Self-Conception
2020.7788944723618,0.2451108221363463,0.1804749052602037,0.2959836124370147,US: Self-Conception
2020.8994974874372,0.23907497237193487,0.1724114457537513,0.28925174368486506,US: Self-Conception
2021.0201005025126,0.23300529776573142,0.16458334624713128,0.2834738599239515,US: Self-Conception
2021.140703517588,0.22698321070324196,0.15763550365318613,0.27740918511137913,US: Self-Conception
2021.2613065326634,0.22109012356997249,0.15137771987922205,0.27116454145124325,US: Self-Conception
2021.3819095477386,0.21540744875143925,0.14564240698188116,0.26484675114765094,US: Self-Conception
2021.502512562814,0.21001659863312677,0.14051070985561004,0.2585626364046732,US: Self-Conception
2021.6231155778894,0.2049989856005518,0.13606377339488812,0.25286237430316344,US: Self-Conception
2021.7437185929648,0.2004360220392202,0.13238274249418375,0.24826558922380443,US: Self-Conception
2021.8643216080402,0.19640912033463798,0.12954876204796506,0.24380351279104912,US: Self-Conception
2021.9849246231156,0.19299969287231103,0.12681168926651534,0.23951723223893118,US: Self-Conception
2022.105527638191,0.19028915203774524,0.12303032753356824,0.2353992800617577,US: Self-Conception
2022.2261306532664,0.1883589102164465,0.12105077723582527,0.23079717230291447,US: Self-Conception
2022.3467336683418,0.1872903797939208,0.12088692563689339,0.22929522797889657,US: Self-Conception
2022.467336683417,0.18716497315567324,0.12280389713669337,0.22876138793931872,US: Self-Conception
2022.5879396984924,0.18806410268720927,0.1271421176048425,0.22951996717951623,US: Self-Conception
2022.7085427135678,0.19006918077403587,0.1340925484913114,0.23048938491476734,US: Self-Conception
2022.8291457286432,0.19326161980165896,0.14403602183036612,0.23272129816734594,US: Self-Conception
2022.9497487437186,0.19772283215558445,0.1550732140504142,0.236890134797244,US: Self-Conception
2023.070351758794,0.20351348787275636,0.16604162800102132,0.24200685775494118,US: Self-Conception
2023.1909547738694,0.21036243988644776,0.1673022855866098,0.2482293192296301,US: Self-Conception
2023.3115577889448,0.2177316723713205,0.16623310945510728,0.2584431503769529,US: Self-Conception
2023.43216080402,0.22507561033709517,0.16409722693049605,0.27108628695139125,US: Self-Conception
2023.5527638190954,0.23184867879353457,0.16218678024518407,0.2828369378501759,US: Self-Conception
2023.6733668341708,0.23750530275035872,0.16042945798676558,0.29290096999677295,US: Self-Conception
2023.7939698492462,0.24149990721730163,0.15875294874283058,0.3004655646748199,US: Self-Conception
2023.9145728643216,0.24328691720409754,0.1565030574625327,0.3088432773916043,US: Self-Conception
2024.035175879397,0.24232075772048056,0.1496426164442304,0.3145505503918437,US: Self-Conception
2024.1557788944724,0.23805585377618466,0.14245203080676833,0.3144816635363551,US: Self-Conception
2024.2763819095478,0.2299466303809442,0.13491641057558634,0.3076022766774196,US: Self-Conception
2024.3969849246232,0.217447512544493,0.12702086577612443,0.29287804966731784,US: Self-Conception
2024.5175879396984,0.20001292527660325,0.12117869676887164,0.26927464235838455,US: Self-Conception
2024.6381909547738,0.1770972935869441,0.10694101035159084,0.23843785436688286,US: Self-Conception
2024.7587939698492,0.14815504248527772,0.08807887413739961,0.20437275731038765,US: Self-Conception
2024.8793969849246,0.11264059698133817,0.062350298773915486,0.17614737471908207,US: Self-Conception
2025,0.0700083820848597,0.015340793831712713,0.1479041677489236,US: Self-Conception
